Date,Views
2023-05-27,1
2023-05-28,8
2023-05-29,1
2023-05-30,5
2023-05-31,2
2023-06-01,34
2023-06-02,34
2023-06-03,34
2023-06-04,32
2023-06-05,56
2023-06-06,59
2023-06-07,56
2023-06-08,37
2023-06-09,17
2023-06-10,44
2023-06-11,31
2023-06-12,55
2023-06-13,11
2023-06-14,5
2023-06-15,10
2023-06-16,4
2023-06-17,4
2023-06-18,1
2023-06-19,5
2023-06-20,1
2023-06-21,0
2023-06-22,5
2023-06-23,4
2023-06-24,4
2023-06-25,0
2023-06-26,1
2023-06-27,5
2023-06-28,0
2023-06-29,1
2023-06-30,0
2023-07-01,0
2023-07-02,0
2023-07-03,4
2023-07-04,1
2023-07-05,2
2023-07-06,0
2023-07-07,0
2023-07-08,0
2023-07-09,1
2023-07-10,9
2023-07-11,4
2023-07-12,4
2023-07-13,0
2023-07-14,2
2023-07-15,1
2023-07-16,4
2023-07-17,0
2023-07-18,2
2023-07-19,0
2023-07-20,0
2023-07-21,0
2023-07-22,0
2023-07-23,1
2023-07-24,2
2023-07-25,0
2023-07-26,2
2023-07-27,2
2023-07-28,1
2023-07-29,5
2023-07-30,13
2023-07-31,8
2023-08-01,14
2023-08-02,6
2023-08-03,0
2023-08-04,0
2023-08-05,0
2023-08-06,0
2023-08-07,1
2023-08-08,13
2023-08-09,213
2023-08-10,370
2023-08-11,48
2023-08-12,8
2023-08-13,11
2023-08-14,36
2023-08-15,10
2023-08-16,16
2023-08-17,20
2023-08-18,12
2023-08-19,11
2023-08-20,7
2023-08-21,9
2023-08-22,16
2023-08-23,7
2023-08-24,2
